,Survived,Pclass,Sex,Fare,FamilySize,Age_cat,Initial_0,Initial_1,Initial_2,Initial_3,Initial_4,Embarked_C,Embarked_Q,Embarked_S
0,0,3,1,1.9810014688665833,2,2,0,0,1,0,0,0,0,1
1,1,1,0,4.26666207838721,2,3,0,0,0,1,0,1,0,0
2,1,3,0,2.0700223197633445,1,2,0,1,0,0,0,0,0,1
3,1,1,0,3.9721769282478934,2,3,0,0,0,1,0,0,0,1
4,0,3,1,2.0856720914304723,1,3,0,0,1,0,0,0,0,1
5,0,3,1,2.135148207799377,1,3,0,0,1,0,0,0,1,0
6,0,1,1,3.948595985658986,1,5,0,0,1,0,0,0,0,1
7,0,3,1,3.048087503887919,5,0,1,0,0,0,0,0,0,1
8,1,3,0,2.409940617298087,3,2,0,0,0,1,0,0,0,1
9,1,2,0,3.4035546012358333,2,1,0,0,0,1,0,1,0,0
10,1,3,0,2.8154087194227095,3,0,0,1,0,0,0,0,0,1
11,1,1,0,3.279029747687948,1,5,0,1,0,0,0,0,0,1
12,0,3,1,2.0856720914304723,1,2,0,0,1,0,0,0,0,1
13,0,3,1,3.442819056352975,7,3,0,0,1,0,0,0,0,1
14,0,3,0,2.061048420562944,1,1,0,1,0,0,0,0,0,1
15,1,2,0,2.772588722239781,1,5,0,0,0,1,0,0,0,1
16,0,3,1,3.371596911885865,6,0,1,0,0,0,0,0,1,0
17,1,2,1,2.5649493574615367,1,3,0,0,1,0,0,0,0,1
18,0,3,0,2.8903717578961645,2,3,0,0,0,1,0,0,0,1
19,1,3,0,1.9775472339984959,1,3,0,0,0,1,0,1,0,0
20,0,2,1,3.258096538021482,1,3,0,0,1,0,0,0,0,1
21,1,2,1,2.5649493574615367,1,3,0,0,1,0,0,0,0,1
22,1,3,0,2.0830848965946345,1,1,0,1,0,0,0,0,1,0
23,1,1,1,3.56953269648137,1,2,0,0,1,0,0,0,0,1
24,0,3,0,3.048087503887919,5,0,0,1,0,0,0,0,0,1
25,1,3,0,3.4464097244837033,7,3,0,0,0,1,0,0,0,1
26,0,3,1,1.9775472339984959,1,3,0,0,1,0,0,1,0,0
27,0,1,1,5.572154032177765,6,1,0,0,1,0,0,0,0,1
28,1,3,0,2.0642263758733557,1,2,0,1,0,0,0,0,1,0
29,0,3,1,2.0663309725297405,1,3,0,0,1,0,0,0,0,1
30,0,1,1,3.32218303393412,1,4,0,0,1,0,0,1,0,0
31,1,1,0,4.9871673979011675,2,3,0,0,0,1,0,1,0,0
32,1,3,0,2.0476928433652555,1,2,0,1,0,0,0,0,1,0
33,0,2,1,2.3513752571634776,1,6,0,0,1,0,0,0,0,1
34,0,1,1,4.408800007809053,2,2,0,0,1,0,0,1,0,0
35,0,1,1,3.9512437185814275,2,4,0,0,1,0,0,0,0,1
36,1,3,1,1.9781283799793465,1,3,0,0,1,0,0,1,0,0
37,0,3,1,2.0856720914304723,1,2,0,0,1,0,0,0,0,1
38,0,3,0,2.8903717578961645,3,1,0,1,0,0,0,0,0,1
39,1,3,0,2.419630078580691,2,1,0,1,0,0,0,1,0,0
40,0,3,0,2.24865675096849,2,4,0,0,0,1,0,0,0,1
41,0,2,0,3.044522437723423,2,2,0,0,0,1,0,0,0,1
42,0,3,1,2.0663309725297405,1,3,0,0,1,0,0,1,0,0
43,1,2,0,3.7276000422255353,4,0,0,1,0,0,0,1,0,0
44,1,3,0,2.0642263758733557,1,1,0,1,0,0,0,0,1,0
45,0,3,1,2.0856720914304723,1,3,0,0,1,0,0,0,0,1
46,0,3,1,2.740840023925201,2,3,0,0,1,0,0,0,1,0
47,1,3,0,2.0476928433652555,1,2,0,1,0,0,0,0,1,0
48,0,3,1,3.0763532755216065,3,3,0,0,1,0,0,1,0,0
49,0,3,0,2.8791984572980396,2,1,0,0,0,1,0,0,0,1
50,0,3,1,3.6810362766529106,6,0,1,0,0,0,0,0,0,1
51,0,3,1,2.0541237336955462,1,2,0,0,1,0,0,0,0,1
52,1,1,0,4.340282339965535,2,4,0,0,0,1,0,1,0,0
53,1,2,0,3.258096538021482,2,2,0,0,0,1,0,0,0,1
54,0,1,1,4.126798844886821,2,6,0,0,1,0,0,1,0,0
55,1,1,1,3.56953269648137,1,3,0,0,1,0,0,0,0,1
56,1,2,0,2.3513752571634776,1,2,0,1,0,0,0,0,0,1
57,0,3,1,1.9781283799793465,1,2,0,0,1,0,0,1,0,0
58,1,2,0,3.3232358401924436,4,0,0,1,0,0,0,0,0,1
59,0,3,1,3.8480176754522337,8,1,1,0,0,0,0,0,0,1
60,0,3,1,1.9781283799793465,1,2,0,0,1,0,0,1,0,0
61,1,1,0,4.382026634673881,1,3,0,1,0,0,0,0,0,1
62,0,1,1,4.424547185829718,2,4,0,0,1,0,0,0,0,1
63,0,3,1,3.32862668882732,6,0,1,0,0,0,0,0,0,1
64,0,1,1,3.32218303393412,1,3,0,0,1,0,0,1,0,0
65,1,3,1,2.7243040552851014,3,0,1,0,0,0,0,1,0,0
66,1,2,0,2.3513752571634776,1,2,0,0,0,1,0,0,0,1
67,0,3,1,2.0990358139382788,1,1,0,0,1,0,0,0,0,1
68,1,3,0,2.0700223197633445,7,1,0,1,0,0,0,0,0,1
69,0,3,1,2.1590033645160216,3,2,0,0,1,0,0,0,0,1
70,0,2,1,2.3513752571634776,1,3,0,0,1,0,0,0,0,1
71,0,3,0,3.8480176754522337,8,1,0,1,0,0,0,0,0,1
72,0,2,1,4.297285406218791,1,2,0,0,1,0,0,0,0,1
73,0,3,1,2.6709850297651974,2,2,0,0,1,0,0,1,0,0
74,1,3,1,4.034166299106131,1,3,0,0,1,0,0,0,0,1
75,0,3,1,2.0347056478384444,1,2,0,0,1,0,0,0,0,1
76,0,3,1,2.0663309725297405,1,3,0,0,1,0,0,0,0,1
77,0,3,1,2.0856720914304723,1,3,0,0,1,0,0,0,0,1
78,1,2,1,3.367295829986474,3,0,1,0,0,0,0,0,0,1
79,1,3,0,2.5237266416375825,1,3,0,1,0,0,0,0,0,1
80,0,3,1,2.1972245773362196,1,2,0,0,1,0,0,0,0,1
81,1,3,1,2.2512917986064953,1,2,0,0,1,0,0,0,0,1
82,1,3,0,2.0525198841135714,1,2,0,1,0,0,0,0,1,0
83,0,1,1,3.8522730010223722,1,2,0,0,1,0,0,0,0,1
84,1,2,0,2.3513752571634776,1,1,0,1,0,0,0,0,0,1
85,1,3,0,2.7631695003232895,4,3,0,0,0,1,0,0,0,1
86,0,3,1,3.5373295559867355,5,1,0,0,1,0,0,0,0,1
87,0,3,1,2.0856720914304723,1,3,0,0,1,0,0,0,0,1
88,1,1,0,5.572154032177765,6,2,0,1,0,0,0,0,0,1
89,0,3,1,2.0856720914304723,1,2,0,0,1,0,0,0,0,1
90,0,3,1,2.0856720914304723,1,2,0,0,1,0,0,0,0,1
91,0,3,1,2.061048420562944,1,2,0,0,1,0,0,0,0,1
92,0,1,1,4.113738609328736,2,4,0,0,1,0,0,0,0,1
93,0,3,1,3.0240767465631335,4,2,0,0,1,0,0,0,0,1
94,0,3,1,1.9810014688665833,1,5,0,0,1,0,0,0,0,1
95,0,3,1,2.0856720914304723,1,3,0,0,1,0,0,0,0,1
96,0,1,1,3.545418930411529,1,7,0,0,1,0,0,1,0,0
97,1,1,1,4.148805916338137,2,2,0,0,1,0,0,1,0,0
98,1,2,0,3.1354942159291497,2,3,0,0,0,1,0,0,0,1
99,0,2,1,3.258096538021482,2,3,0,0,1,0,0,0,0,1
100,0,3,0,2.0663309725297405,1,2,0,1,0,0,0,0,0,1
101,0,3,1,2.0663309725297405,1,3,0,0,1,0,0,0,0,1
102,0,1,1,4.347532234884687,2,2,0,0,1,0,0,0,0,1
103,0,3,1,2.158044752235899,1,3,0,0,1,0,0,0,0,1
104,0,3,1,2.0700223197633445,3,3,0,0,1,0,0,0,0,1
105,0,3,1,2.0663309725297405,1,2,0,0,1,0,0,0,0,1
106,1,3,0,2.0347056478384444,1,2,0,1,0,0,0,0,0,1
107,1,3,1,2.0509134580652977,1,3,0,0,1,0,0,0,0,1
108,0,3,1,2.0663309725297405,1,3,0,0,1,0,0,0,0,1
109,1,3,0,3.184284380098582,2,2,0,1,0,0,0,0,1,0
110,0,1,1,3.9512437185814275,1,4,0,0,1,0,0,0,0,1
111,0,3,0,2.6709850297651974,2,1,0,1,0,0,0,1,0,0
112,0,3,1,2.0856720914304723,1,2,0,0,1,0,0,0,0,1
113,0,3,0,2.284930157755325,2,2,0,1,0,0,0,0,0,1
114,0,3,0,2.671268644120752,1,1,0,1,0,0,0,1,0,0
115,0,3,1,2.0700223197633445,1,2,0,0,1,0,0,0,0,1
116,0,3,1,2.0476928433652555,1,7,0,0,1,0,0,0,1,0
117,0,2,1,3.044522437723423,2,2,0,0,1,0,0,0,0,1
118,0,1,1,5.5114946188815885,2,2,0,0,1,0,0,1,0,0
119,0,3,0,3.442819056352975,7,0,0,1,0,0,0,0,0,1
120,0,2,1,4.297285406218791,3,2,0,0,1,0,0,0,0,1
121,0,3,1,2.0856720914304723,1,3,0,0,1,0,0,0,0,1
122,0,2,1,3.4035546012358333,2,3,0,0,1,0,0,1,0,0
123,1,2,0,2.5649493574615367,1,3,0,1,0,0,0,0,0,1
124,0,1,1,4.347532234884687,2,5,0,0,1,0,0,0,0,1
125,1,3,1,2.419630078580691,2,1,1,0,0,0,0,1,0,0
126,0,3,1,2.0476928433652555,1,3,0,0,1,0,0,0,1,0
127,1,3,1,1.9659508432494155,1,2,0,0,1,0,0,0,0,1
128,1,3,0,3.107197616774036,3,2,0,1,0,0,0,1,0,0
129,0,3,1,1.9423323277074294,1,4,0,0,1,0,0,0,0,1
130,0,3,1,2.0663309725297405,1,3,0,0,1,0,0,1,0,0
131,0,3,1,1.9530276168241774,1,2,0,0,1,0,0,0,0,1
132,0,3,0,2.6741486494265287,2,4,0,0,0,1,0,0,0,1
133,1,2,0,3.258096538021482,2,2,0,0,0,1,0,0,0,1
134,0,2,1,2.5649493574615367,1,2,0,0,1,0,0,0,0,1
135,0,2,1,2.711098882480229,1,2,0,0,1,0,0,1,0,0
136,1,1,0,3.2689337565093157,3,1,0,1,0,0,0,0,0,1
137,0,1,1,3.9721769282478934,2,3,0,0,1,0,0,0,0,1
138,0,3,1,2.221017055930222,1,1,0,0,1,0,0,0,0,1
139,0,1,1,4.37197629882038,1,2,0,0,1,0,0,1,0,0
140,0,3,0,2.7243040552851014,3,3,0,0,0,1,0,1,0,0
141,1,3,0,2.0476928433652555,1,2,0,1,0,0,0,0,0,1
142,1,3,0,2.7631695003232895,2,2,0,0,0,1,0,0,0,1
143,0,3,1,1.9095425048844386,1,1,0,0,1,0,0,0,1,0
144,0,2,1,2.4423470353692043,1,1,0,0,1,0,0,0,0,1
145,0,2,1,3.6041382256588457,3,1,0,0,1,0,0,0,0,1
146,1,3,1,2.0535851271346086,1,2,0,0,1,0,0,0,0,1
147,0,3,0,3.5373295559867355,5,0,0,1,0,0,0,0,0,1
148,0,2,1,3.258096538021482,3,3,0,0,1,0,0,0,0,1
149,0,2,1,2.5649493574615367,1,4,0,0,0,0,1,0,0,1
150,0,2,1,2.5277266469709283,1,5,0,0,0,0,1,0,0,1
151,1,1,0,4.198704577546343,2,2,0,0,0,1,0,0,0,1
152,0,3,1,2.0856720914304723,1,5,0,0,1,0,0,0,0,1
153,0,3,1,2.6741486494265287,3,4,0,0,1,0,0,0,0,1
154,0,3,1,1.989585212557975,1,3,0,0,1,0,0,0,0,1
155,0,1,1,4.117071015545232,2,5,0,0,1,0,0,1,0,0
156,1,3,0,2.0455356796500372,1,1,0,1,0,0,0,0,1,0
157,0,3,1,2.0856720914304723,1,3,0,0,1,0,0,0,0,1
158,0,3,1,2.1590033645160216,1,3,0,0,1,0,0,0,0,1
159,0,3,1,4.242045918369452,11,0,1,0,0,0,0,0,0,1
160,0,3,1,2.7788192719904172,2,4,0,0,1,0,0,0,0,1
161,1,2,0,2.7568403652716422,1,4,0,0,0,1,0,0,0,1
162,0,3,1,2.0509134580652977,1,2,0,0,1,0,0,0,0,1
163,0,3,1,2.1590033645160216,1,1,0,0,1,0,0,0,0,1
164,0,3,1,3.6810362766529106,6,0,1,0,0,0,0,0,0,1
165,1,3,1,3.021643655338492,3,0,1,0,0,0,0,0,0,1
166,1,1,0,4.007333185232471,2,3,0,0,0,1,0,0,0,1
167,0,3,0,3.32862668882732,6,4,0,0,0,1,0,0,0,1
168,0,1,1,3.2552077541155913,1,3,0,0,1,0,0,0,0,1
169,0,3,1,4.034166299106131,1,2,0,0,1,0,0,0,0,1
170,0,1,1,3.5115454388310208,1,6,0,0,1,0,0,0,0,1
171,0,3,1,3.371596911885865,6,0,1,0,0,0,0,0,1,0
172,1,3,0,2.409940617298087,3,0,0,1,0,0,0,0,0,1
173,0,3,1,2.0700223197633445,1,2,0,0,1,0,0,0,0,1
174,0,1,1,3.424125837416519,1,5,0,0,1,0,0,1,0,0
175,0,3,1,2.061048420562944,3,1,0,0,1,0,0,0,0,1
176,0,3,1,3.237371716404032,5,0,1,0,0,0,0,0,0,1
177,0,1,0,3.3573325680152166,1,5,0,1,0,0,0,1,0,0
178,0,2,1,2.5649493574615367,1,3,0,0,1,0,0,0,0,1
179,0,3,1,0.0,1,3,0,0,1,0,0,0,0,1
180,0,3,0,4.242045918369452,11,2,0,1,0,0,0,0,0,1
181,0,2,1,2.711377991194885,1,3,0,0,1,0,0,1,0,0
182,0,3,1,3.4464097244837033,7,0,1,0,0,0,0,0,0,1
183,1,2,1,3.6635616461296463,4,0,1,0,0,0,0,0,0,1
184,1,3,0,3.092178171822243,3,0,0,1,0,0,0,0,0,1
185,0,1,1,3.912023005428146,1,3,0,0,1,0,0,0,0,1
186,1,3,0,2.740840023925201,2,3,0,0,0,1,0,0,1,0
187,1,1,1,3.279029747687948,1,4,0,0,1,0,0,0,0,1
188,0,3,1,2.740840023925201,3,4,0,0,1,0,0,0,1,0
189,0,3,1,2.0663309725297405,1,3,0,0,1,0,0,0,0,1
190,1,2,0,2.5649493574615367,1,3,0,0,0,1,0,0,0,1
191,0,2,1,2.5649493574615367,1,1,0,0,1,0,0,0,0,1
192,1,3,0,2.061048420562944,2,1,0,1,0,0,0,0,0,1
193,1,2,1,3.258096538021482,3,0,1,0,0,0,0,0,0,1
194,1,1,0,3.32218303393412,1,4,0,0,0,1,0,1,0,0
195,1,1,0,4.9871673979011675,1,5,0,1,0,0,0,1,0,0
196,0,3,1,2.0476928433652555,1,3,0,0,1,0,0,0,1,0
197,0,3,1,2.128731580890919,2,4,0,0,1,0,0,0,0,1
198,1,3,0,2.0476928433652555,1,2,0,1,0,0,0,0,1,0
199,0,2,0,2.5649493574615367,1,2,0,1,0,0,0,0,0,1
200,0,3,1,2.2512917986064953,1,2,0,0,1,0,0,0,0,1
201,0,3,1,4.242045918369452,11,3,0,0,1,0,0,0,0,1
202,0,3,1,1.8711558142080713,1,3,0,0,1,0,0,0,0,1
203,0,3,1,1.9775472339984959,1,4,0,0,1,0,0,1,0,0
204,1,3,1,2.0856720914304723,1,1,0,0,1,0,0,0,0,1
205,0,3,0,2.3477974358155937,2,0,0,1,0,0,0,0,0,1
206,0,3,1,2.7631695003232895,2,3,0,0,1,0,0,0,0,1
207,1,3,1,2.933191755079093,1,2,0,0,1,0,0,1,0,0
208,1,3,0,2.0476928433652555,1,1,0,1,0,0,0,0,1,0
209,1,1,1,3.4339872044851463,1,4,0,0,1,0,0,1,0,0
210,0,3,1,1.9530276168241774,1,2,0,0,1,0,0,0,0,1
211,1,2,0,3.044522437723423,1,3,0,1,0,0,0,0,0,1
212,0,3,1,1.9810014688665833,1,2,0,0,1,0,0,0,0,1
213,0,2,1,2.5649493574615367,1,3,0,0,1,0,0,0,0,1
214,0,3,1,2.0476928433652555,2,3,0,0,1,0,0,0,1,0
215,1,1,0,4.729818490553202,2,3,0,1,0,0,0,1,0,0
216,1,3,0,2.0700223197633445,1,2,0,1,0,0,0,0,0,1
217,0,2,1,3.295836866004329,2,4,0,0,1,0,0,0,0,1
218,1,1,0,4.334564151246186,1,3,0,1,0,0,0,1,0,0
219,0,2,1,2.3513752571634776,1,3,0,0,1,0,0,0,0,1
220,1,3,1,2.0856720914304723,1,1,0,0,1,0,0,0,0,1
221,0,2,1,2.5649493574615367,1,2,0,0,1,0,0,0,0,1
222,0,3,1,2.0856720914304723,1,5,0,0,1,0,0,0,0,1
223,0,3,1,2.0663309725297405,1,3,0,0,1,0,0,0,0,1
224,1,1,1,4.499809670330265,2,3,0,0,1,0,0,0,0,1
225,0,3,1,2.2353763433005955,1,2,0,0,1,0,0,0,0,1
226,1,2,1,2.3513752571634776,1,1,0,0,1,0,0,0,0,1
227,0,3,1,1.9810014688665833,1,2,0,0,1,0,0,0,0,1
228,0,2,1,2.5649493574615367,1,1,0,0,1,0,0,0,0,1
229,0,3,0,3.237371716404032,5,2,0,1,0,0,0,0,0,1
230,1,1,0,4.424547185829718,2,3,0,0,0,1,0,0,0,1
231,0,3,1,2.0509134580652977,1,2,0,0,1,0,0,0,0,1
232,0,2,1,2.6026896854443837,1,5,0,0,1,0,0,0,0,1
233,1,3,0,3.4464097244837033,7,0,0,1,0,0,0,0,0,1
234,0,2,1,2.3513752571634776,1,2,0,0,1,0,0,0,0,1
235,0,3,0,2.0215475632609334,1,2,0,1,0,0,0,0,0,1
236,0,2,1,3.258096538021482,2,4,0,0,1,0,0,0,0,1
237,1,2,0,3.2676659890376327,3,0,0,1,0,0,0,0,0,1
238,0,2,1,2.3513752571634776,1,1,0,0,1,0,0,0,0,1
239,0,2,1,2.507564673680584,1,3,0,0,1,0,0,0,0,1
240,0,3,0,2.6709850297651974,2,2,0,1,0,0,0,1,0,0
241,1,3,0,2.740840023925201,2,2,0,1,0,0,0,0,1,0
242,0,2,1,2.3513752571634776,1,2,0,0,1,0,0,0,0,1
243,0,3,1,1.9636097261547143,1,2,0,0,1,0,0,0,0,1
244,0,3,1,1.9775472339984959,1,3,0,0,1,0,0,1,0,0
245,0,1,1,4.499809670330265,3,4,0,0,1,0,0,0,1,0
246,0,3,0,2.0509134580652977,1,2,0,1,0,0,0,0,0,1
247,1,2,0,2.6741486494265287,3,2,0,0,0,1,0,0,0,1
248,1,1,1,3.961845018011234,3,3,0,0,1,0,0,0,0,1
249,0,2,1,3.258096538021482,2,5,0,0,0,0,1,0,0,1
250,0,3,1,1.9810014688665833,1,3,0,0,1,0,0,0,0,1
251,0,3,0,2.3477974358155937,3,2,0,0,0,1,0,0,0,1
252,0,1,1,3.279029747687948,1,6,0,0,1,0,0,0,0,1
253,0,3,1,2.7788192719904172,2,3,0,0,1,0,0,0,0,1
254,0,3,0,3.006301224903225,3,4,0,0,0,1,0,0,0,1
255,1,3,0,2.7243040552851014,3,2,0,0,0,1,0,1,0,0
256,1,1,0,4.37197629882038,1,3,0,0,0,1,0,1,0,0
257,1,1,0,4.460144413937834,1,3,0,1,0,0,0,0,0,1
258,1,1,0,6.238967387173662,1,3,0,1,0,0,0,1,0,0
259,1,2,0,3.258096538021482,2,5,0,0,0,1,0,0,0,1
260,0,3,1,2.0476928433652555,1,3,0,0,1,0,0,0,1,0
261,1,3,1,3.4464097244837033,7,0,1,0,0,0,0,0,0,1
262,0,1,1,4.3776420363560575,3,5,0,0,1,0,0,0,0,1
263,0,1,1,0.0,1,4,0,0,1,0,0,0,0,1
264,0,3,0,2.0476928433652555,1,2,0,1,0,0,0,0,1,0
265,0,2,1,2.3513752571634776,1,3,0,0,1,0,0,0,0,1
266,0,3,1,3.6810362766529106,6,1,0,0,1,0,0,0,0,1
267,1,3,1,2.0509134580652977,2,2,0,0,1,0,0,0,0,1
268,1,1,0,5.033456237506958,2,5,0,0,0,1,0,0,0,1
269,1,1,0,4.909954920578875,1,3,0,1,0,0,0,0,0,1
270,0,1,1,3.4339872044851463,1,3,0,0,1,0,0,0,0,1
271,1,3,1,0.0,1,2,0,0,1,0,0,0,0,1
272,1,2,0,2.970414465569701,2,4,0,0,0,1,0,0,0,1
273,0,1,1,3.391147045808654,2,3,0,0,1,0,0,1,0,0
274,1,3,0,2.0476928433652555,1,2,0,1,0,0,0,0,1,0
275,1,1,0,4.356174068347218,2,6,0,1,0,0,0,0,0,1
276,0,3,0,2.0476928433652555,1,4,0,1,0,0,0,0,0,1
277,0,2,1,0.0,1,3,0,0,1,0,0,0,0,1
278,0,3,1,3.371596911885865,6,0,1,0,0,0,0,0,1,0
279,1,3,0,3.0081547935525483,3,3,0,0,0,1,0,0,0,1
280,0,3,1,2.0476928433652555,1,6,0,0,1,0,0,0,1,0
281,0,3,1,2.061048420562944,1,2,0,0,1,0,0,0,0,1
282,0,3,1,2.2512917986064953,1,1,0,0,1,0,0,0,0,1
283,1,3,1,2.0856720914304723,1,1,0,0,1,0,0,0,0,1
284,0,1,1,3.258096538021482,1,3,0,0,1,0,0,0,0,1
285,0,3,1,2.1590033645160216,1,3,0,0,1,0,0,1,0,0
286,1,3,1,2.2512917986064953,1,3,0,0,1,0,0,0,0,1
287,0,3,1,2.0663309725297405,1,2,0,0,1,0,0,0,0,1
288,1,2,1,2.5649493574615367,1,4,0,0,1,0,0,0,0,1
289,1,3,0,2.0476928433652555,1,2,0,1,0,0,0,0,1,0
290,1,1,0,4.367547313409047,1,2,0,1,0,0,0,0,0,1
291,1,1,0,4.51172945766992,2,1,0,0,0,1,0,1,0,0
292,0,2,1,2.5552874465497997,1,3,0,0,1,0,0,1,0,0
293,0,3,0,2.180417459019838,1,2,0,1,0,0,0,0,0,1
294,0,3,1,2.0663309725297405,1,2,0,0,1,0,0,0,0,1
295,0,1,1,3.32218303393412,1,3,0,0,1,0,0,1,0,0
296,0,3,1,1.9781283799793465,1,2,0,0,1,0,0,1,0,0
297,0,1,0,5.020915603503812,4,0,0,1,0,0,0,0,0,1
298,1,1,1,3.417726683613366,1,3,0,0,1,0,0,0,0,1
299,1,1,0,5.5114946188815885,2,5,0,0,0,1,0,1,0,0
300,1,3,0,2.0476928433652555,1,2,0,1,0,0,0,0,1,0
301,1,3,1,3.1463051320333655,3,3,0,0,1,0,0,0,1,0
302,0,3,1,0.0,1,1,0,0,1,0,0,0,0,1
303,1,2,0,2.513656063073986,1,2,0,1,0,0,0,0,1,0
304,0,3,1,2.0856720914304723,1,3,0,0,1,0,0,0,0,1
305,1,1,1,5.020915603503812,4,0,1,0,0,0,0,0,0,1
306,1,1,0,4.708478296903478,1,2,0,1,0,0,0,1,0,0
307,1,1,0,4.690430029938915,2,1,0,0,0,1,0,1,0,0
308,0,2,1,3.1780538303479458,2,3,0,0,1,0,0,1,0,0
309,1,1,0,4.041808390519271,1,3,0,1,0,0,0,1,0,0
310,1,1,0,4.4207460202604185,1,2,0,1,0,0,0,1,0,0
311,1,1,0,5.569774778140797,5,1,0,1,0,0,0,1,0,0
312,0,2,0,3.258096538021482,3,2,0,0,0,1,0,0,0,1
313,0,3,1,2.0663309725297405,1,2,0,0,1,0,0,0,0,1
314,0,2,1,3.2676659890376327,3,4,0,0,1,0,0,0,0,1
315,1,3,0,2.061048420562944,1,2,0,1,0,0,0,0,0,1
316,1,2,0,3.258096538021482,2,2,0,0,0,1,0,0,0,1
317,0,2,1,2.6390573296152584,1,5,0,0,1,0,0,0,0,1
318,1,1,0,5.1051372686027685,3,3,0,1,0,0,0,0,0,1
319,1,1,0,4.901564199041894,3,4,0,0,0,1,0,1,0,0
320,0,3,1,1.9810014688665833,1,2,0,0,1,0,0,0,0,1
321,0,3,1,2.0663309725297405,1,2,0,0,1,0,0,0,0,1
322,1,2,0,2.513656063073986,1,3,0,1,0,0,0,0,1,0
323,1,2,0,3.367295829986474,3,2,0,0,0,1,0,0,0,1
324,0,3,1,4.242045918369452,11,3,0,0,1,0,0,0,0,1
325,1,1,0,4.909954920578875,1,3,0,1,0,0,0,1,0,0
326,0,3,1,1.830579461077637,1,6,0,0,1,0,0,0,0,1
327,1,2,0,2.5649493574615367,1,3,0,0,0,1,0,0,0,1
328,1,3,0,3.021643655338492,3,3,0,0,0,1,0,0,0,1
329,1,1,0,4.0600843255369865,2,1,0,1,0,0,0,1,0,0
330,1,3,0,3.1463051320333655,3,2,0,1,0,0,0,0,1,0
331,0,1,1,3.349904087274605,1,4,0,0,1,0,0,0,0,1
332,0,1,1,5.033456237506958,2,3,0,0,1,0,0,0,0,1
333,0,3,1,2.8903717578961645,3,1,0,0,1,0,0,0,0,1
334,1,1,0,4.895224442584928,2,3,0,0,0,1,0,0,0,1
335,0,3,1,2.0663309725297405,1,3,0,0,1,0,0,0,0,1
336,0,1,1,4.198704577546343,2,2,0,0,1,0,0,0,0,1
337,1,1,0,4.901564199041894,1,4,0,1,0,0,0,1,0,0
338,1,3,1,2.0856720914304723,1,4,0,0,1,0,0,0,0,1
339,0,1,1,3.56953269648137,1,4,0,0,1,0,0,0,0,1
340,1,2,1,3.258096538021482,3,0,1,0,0,0,0,0,0,1
341,1,1,0,5.572154032177765,6,2,0,1,0,0,0,0,0,1
342,0,2,1,2.5649493574615367,1,2,0,0,1,0,0,0,0,1
343,0,2,1,2.5649493574615367,1,2,0,0,1,0,0,0,0,1
344,0,2,1,2.5649493574615367,1,3,0,0,1,0,0,0,0,1
345,1,2,0,2.5649493574615367,1,2,0,1,0,0,0,0,0,1
346,1,2,0,2.5649493574615367,1,4,0,1,0,0,0,0,0,1
347,1,3,0,2.7788192719904172,2,3,0,0,0,1,0,0,0,1
348,1,3,1,2.766319109226186,3,0,1,0,0,0,0,0,0,1
349,0,3,1,2.1590033645160216,1,4,0,0,1,0,0,0,0,1
350,0,3,1,2.221917189926591,1,2,0,0,1,0,0,0,0,1
351,0,1,1,3.5553480614894135,1,3,0,0,1,0,0,0,0,1
352,0,3,1,1.9781283799793465,3,1,0,0,1,0,0,1,0,0
353,0,3,1,2.8791984572980396,2,2,0,0,1,0,0,0,0,1
354,0,3,1,1.9775472339984959,1,3,0,0,1,0,0,1,0,0
355,0,3,1,2.2512917986064953,1,2,0,0,1,0,0,0,0,1
356,1,1,0,4.007333185232471,2,2,0,1,0,0,0,0,0,1
357,0,2,0,2.5649493574615367,1,3,0,1,0,0,0,0,0,1
358,1,3,0,2.0642263758733557,1,2,0,1,0,0,0,0,1,0
359,1,3,0,2.0642263758733557,1,2,0,1,0,0,0,0,1,0
360,0,3,1,3.32862668882732,6,4,0,0,1,0,0,0,0,1
361,0,2,1,3.32218303393412,2,2,0,0,1,0,0,1,0,0
362,0,3,0,2.6709850297651974,2,4,0,0,0,1,0,1,0,0
363,0,3,1,1.9530276168241774,1,3,0,0,1,0,0,0,0,1
364,0,3,1,2.740840023925201,2,3,0,0,1,0,0,0,1,0
365,0,3,1,1.9810014688665833,1,3,0,0,1,0,0,0,0,1
366,1,1,0,4.3208159036289855,2,6,0,0,0,1,0,1,0,0
367,1,3,0,1.9781283799793465,1,3,0,0,0,1,0,1,0,0
368,1,3,0,2.0476928433652555,1,2,0,1,0,0,0,0,1,0
369,1,1,0,4.238444906195857,1,2,0,1,0,0,0,1,0,0
370,1,1,1,4.015332018192187,2,2,0,0,1,0,0,1,0,0
371,0,3,1,1.8711558142080713,2,1,0,0,1,0,0,0,0,1
372,0,3,1,2.0856720914304723,1,1,0,0,1,0,0,0,0,1
373,0,1,1,4.909954920578875,1,2,0,0,1,0,0,1,0,0
374,0,3,0,3.048087503887919,5,0,0,1,0,0,0,0,0,1
375,1,1,0,4.408800007809053,2,3,0,0,0,1,0,1,0,0
376,1,3,0,1.9810014688665833,1,2,0,1,0,0,0,0,0,1
377,0,1,1,5.354224998486333,3,2,0,0,1,0,0,1,0,0
378,0,3,1,1.3894144884561344,1,2,0,0,1,0,0,1,0,0
379,0,3,1,2.0509134580652977,1,1,0,0,1,0,0,0,0,1
380,1,1,0,5.427260122463419,1,4,0,1,0,0,0,1,0,0
381,1,3,0,2.7563132422397203,3,0,0,1,0,0,0,1,0,0
382,0,3,1,2.0700223197633445,1,3,0,0,1,0,0,0,0,1
383,1,1,0,3.9512437185814275,2,3,0,0,0,1,0,0,0,1
384,0,3,1,2.0663309725297405,1,3,0,0,1,0,0,0,0,1
385,0,2,1,4.297285406218791,1,1,0,0,1,0,0,0,0,1
386,0,3,1,3.8480176754522337,8,0,1,0,0,0,0,0,0,1
387,1,2,0,2.5649493574615367,1,3,0,1,0,0,0,0,0,1
388,0,3,1,2.0450053643587083,1,3,0,0,1,0,0,0,1,0
389,1,2,0,2.4849066497880004,1,1,0,1,0,0,0,1,0,0
390,1,1,1,4.787491742782046,4,3,0,0,1,0,0,0,0,1
391,1,3,1,2.0535851271346086,1,2,0,0,1,0,0,0,0,1
392,0,3,1,2.0700223197633445,3,2,0,0,1,0,0,0,0,1
393,1,1,0,4.729818490553202,2,2,0,1,0,0,0,1,0,0
394,1,3,0,2.8154087194227095,3,2,0,0,0,1,0,0,0,1
395,0,3,1,2.0535851271346086,1,2,0,0,1,0,0,0,0,1
396,0,3,0,2.061048420562944,1,3,0,1,0,0,0,0,0,1
397,0,2,1,3.258096538021482,1,4,0,0,1,0,0,0,0,1
398,0,2,1,2.3513752571634776,1,2,0,0,1,0,0,0,0,1
399,1,2,0,2.5376572151735295,1,2,0,0,0,1,0,0,0,1
400,1,3,1,2.0700223197633445,1,3,0,0,1,0,0,0,0,1
401,0,3,1,2.0856720914304723,1,2,0,0,1,0,0,0,0,1
402,0,3,0,2.284930157755325,2,2,0,1,0,0,0,0,0,1
403,0,3,1,2.7631695003232895,2,2,0,0,1,0,0,0,0,1
404,0,3,0,2.1590033645160216,1,2,0,1,0,0,0,0,0,1
405,0,2,1,3.044522437723423,2,3,0,0,1,0,0,0,0,1
406,0,3,1,2.0476928433652555,1,5,0,0,1,0,0,0,0,1
407,1,2,1,2.9311937524164198,3,0,1,0,0,0,0,0,0,1
408,0,3,1,2.0509134580652977,1,2,0,0,1,0,0,0,0,1
409,0,3,0,3.237371716404032,5,2,0,1,0,0,0,0,0,1
410,0,3,1,2.0663309725297405,1,3,0,0,1,0,0,0,0,1
411,0,3,1,1.925459597615898,1,3,0,0,1,0,0,0,1,0
412,1,1,0,4.499809670330265,2,3,0,1,0,0,0,0,1,0
413,0,2,1,0.0,1,3,0,0,1,0,0,0,0,1
414,1,3,1,2.0700223197633445,1,4,0,0,1,0,0,0,0,1
415,0,3,0,2.0856720914304723,1,3,0,0,0,1,0,0,0,1
416,1,2,0,3.481240089335692,3,3,0,0,0,1,0,0,0,1
417,1,2,0,2.5649493574615367,3,1,0,1,0,0,0,0,0,1
418,0,2,1,2.5649493574615367,1,3,0,0,1,0,0,0,0,1
419,0,3,0,3.184284380098582,3,1,0,1,0,0,0,0,0,1
420,0,3,1,2.0663309725297405,1,3,0,0,1,0,0,1,0,0
421,0,3,1,2.0455356796500372,1,2,0,0,1,0,0,0,1,0
422,0,3,1,2.063693184711697,1,2,0,0,1,0,0,0,0,1
423,0,3,0,2.667228206581955,3,2,0,0,0,1,0,0,0,1
424,0,3,1,3.006301224903225,3,1,0,0,1,0,0,0,0,1
425,0,3,1,1.9810014688665833,1,3,0,0,1,0,0,0,0,1
426,1,2,0,3.258096538021482,2,2,0,0,0,1,0,0,0,1
427,1,2,0,3.258096538021482,1,1,0,1,0,0,0,0,0,1
428,0,3,1,2.0476928433652555,1,3,0,0,1,0,0,0,1,0
429,1,3,1,2.0856720914304723,1,3,0,0,1,0,0,0,0,1
430,1,1,1,3.279029747687948,1,2,0,0,1,0,0,0,0,1
431,1,3,0,2.7788192719904172,2,3,0,0,0,1,0,0,0,1
432,1,2,0,3.258096538021482,2,4,0,0,0,1,0,0,0,1
433,0,3,1,1.9636097261547143,1,1,0,0,1,0,0,0,0,1
434,0,1,1,4.023564380161053,2,5,0,0,1,0,0,0,0,1
435,1,1,0,4.787491742782046,4,1,0,1,0,0,0,0,0,1
436,0,3,0,3.5373295559867355,5,2,0,1,0,0,0,0,0,1
437,1,2,0,2.9311937524164198,6,2,0,0,0,1,0,0,0,1
438,0,1,1,5.572154032177765,6,6,0,0,1,0,0,0,0,1
439,0,2,1,2.3513752571634776,1,3,0,0,1,0,0,0,0,1
440,1,2,0,3.2676659890376327,3,4,0,0,0,1,0,0,0,1
441,0,3,1,2.2512917986064953,1,2,0,0,1,0,0,0,0,1
442,0,3,1,2.0509134580652977,2,2,0,0,1,0,0,0,0,1
443,1,2,0,2.5649493574615367,1,2,0,1,0,0,0,0,0,1
444,1,3,1,2.0934060820302083,1,3,0,0,1,0,0,0,0,1
445,1,1,1,4.404989703685167,3,0,1,0,0,0,0,0,0,1
446,1,2,0,2.970414465569701,2,1,0,1,0,0,0,0,0,1
447,1,1,1,3.279029747687948,1,3,0,0,1,0,0,0,0,1
448,1,3,0,2.957942136638392,4,0,0,1,0,0,0,1,0,0
449,1,1,1,3.417726683613366,1,5,0,0,1,0,0,0,0,1
450,0,2,1,3.3232358401924436,4,3,0,0,1,0,0,0,0,1
451,0,3,1,2.9940658859009823,2,3,0,0,1,0,0,0,0,1
452,0,1,1,3.3232358401924436,1,3,0,0,1,0,0,1,0,0
453,1,1,1,4.489806471412939,2,4,0,0,1,0,0,1,0,0
454,0,3,1,2.0856720914304723,1,3,0,0,1,0,0,0,0,1
455,1,3,1,2.0663309725297405,1,2,0,0,1,0,0,1,0,0
456,0,1,1,3.279029747687948,1,6,0,0,1,0,0,0,0,1
457,1,1,0,3.948595985658986,2,3,0,0,0,1,0,0,0,1
458,1,2,0,2.3513752571634776,1,5,0,1,0,0,0,0,0,1
459,0,3,1,2.0476928433652555,1,3,0,0,1,0,0,0,1,0
460,1,1,1,3.279029747687948,1,4,0,0,1,0,0,0,0,1
461,0,3,1,2.0856720914304723,1,3,0,0,1,0,0,0,0,1
462,0,1,1,3.6506582412937387,1,4,0,0,1,0,0,0,0,1
463,0,2,1,2.5649493574615367,1,4,0,0,1,0,0,0,0,1
464,0,3,1,2.0856720914304723,1,3,0,0,1,0,0,0,0,1
465,0,3,1,1.9530276168241774,1,3,0,0,1,0,0,0,0,1
466,0,2,1,0.0,1,3,0,0,1,0,0,0,0,1
467,0,1,1,3.279029747687948,1,5,0,0,1,0,0,0,0,1
468,0,3,1,2.044461822783809,1,3,0,0,1,0,0,0,1,0
469,1,3,0,2.957942136638392,4,0,0,1,0,0,0,1,0,0
470,0,3,1,1.9810014688665833,1,3,0,0,1,0,0,0,0,1
471,0,3,1,2.1590033645160216,1,3,0,0,1,0,0,0,0,1
472,1,2,0,3.3232358401924436,4,3,0,0,0,1,0,0,0,1
473,1,2,0,2.6240669619446257,1,2,0,0,0,1,0,1,0,0
474,0,3,0,2.2862016137435215,1,2,0,1,0,0,0,0,0,1
475,0,1,1,3.9512437185814275,1,3,0,0,1,0,0,0,0,1
476,0,2,1,3.044522437723423,2,3,0,0,1,0,0,0,0,1
477,0,3,1,1.9524316946169533,2,2,0,0,1,0,0,0,0,1
478,0,3,1,2.017672515282204,1,2,0,0,1,0,0,0,0,1
479,1,3,0,2.5085824854732848,2,0,0,1,0,0,0,0,0,1
480,0,3,1,3.8480176754522337,8,0,1,0,0,0,0,0,0,1
481,0,2,1,0.0,1,3,0,0,1,0,0,0,0,1
482,0,3,1,2.0856720914304723,1,5,0,0,1,0,0,0,0,1
483,1,3,0,2.260460166693375,1,6,0,0,0,1,0,0,0,1
484,1,1,1,4.51172945766992,2,2,0,0,1,0,0,1,0,0
485,0,3,0,3.237371716404032,5,2,0,1,0,0,0,0,0,1
486,1,1,0,4.499809670330265,2,3,0,0,0,1,0,0,0,1
487,0,1,1,3.391147045808654,1,5,0,0,1,0,0,1,0,0
488,0,3,1,2.0856720914304723,1,3,0,0,1,0,0,0,0,1
489,1,3,1,2.766319109226186,3,0,1,0,0,0,0,0,0,1
490,0,3,1,2.9940658859009823,2,3,0,0,1,0,0,0,0,1
491,0,3,1,1.9810014688665833,1,2,0,0,1,0,0,0,0,1
492,0,1,1,3.417726683613366,1,5,0,0,1,0,0,0,0,1
493,0,1,1,3.902057514460064,1,7,0,0,1,0,0,1,0,0
494,0,3,1,2.0856720914304723,1,2,0,0,1,0,0,0,0,1
495,0,3,1,2.671268644120752,1,3,0,0,1,0,0,1,0,0
496,1,1,0,4.3601222251801195,2,5,0,1,0,0,0,1,0,0
497,0,3,1,2.714694743820879,1,3,0,0,1,0,0,0,0,1
498,0,1,0,5.020915603503812,4,2,0,0,0,1,0,0,0,1
499,0,3,1,2.0535851271346086,1,2,0,0,1,0,0,0,0,1
500,0,3,1,2.1590033645160216,1,1,0,0,1,0,0,0,0,1
501,0,3,0,2.0476928433652555,1,2,0,1,0,0,0,0,1,0
502,0,3,0,2.0319829905201345,1,2,0,1,0,0,0,0,1,0
503,0,3,0,2.260460166693375,1,3,0,1,0,0,0,0,0,1
504,1,1,0,4.460144413937834,1,1,0,1,0,0,0,0,0,1
505,0,1,1,4.690430029938915,2,1,0,0,1,0,0,1,0,0
506,1,2,0,3.258096538021482,3,3,0,0,0,1,0,0,0,1
507,1,1,1,3.279029747687948,1,3,0,0,1,0,0,0,0,1
508,0,3,1,3.1146258034944014,1,2,0,0,1,0,0,0,0,1
509,1,3,1,4.034166299106131,1,2,0,0,1,0,0,0,0,1
510,1,3,1,2.0476928433652555,1,2,0,0,1,0,0,0,1,0
511,0,3,1,2.0856720914304723,1,3,0,0,1,0,0,0,0,1
512,1,1,1,3.2690935410288184,1,3,0,0,1,0,0,0,0,1
513,1,1,0,4.084294226368599,2,5,0,0,0,1,0,1,0,0
514,0,3,1,2.0143428636837015,1,2,0,0,1,0,0,0,0,1
515,0,1,1,3.5269721022703,1,4,0,0,1,0,0,0,0,1
516,1,2,0,2.3513752571634776,1,3,0,0,0,1,0,0,0,1
517,0,3,1,3.184284380098582,1,3,0,0,1,0,0,0,1,0
518,1,2,0,3.258096538021482,2,3,0,0,0,1,0,0,0,1
519,0,3,1,2.0663309725297405,1,3,0,0,1,0,0,0,0,1
520,1,1,0,4.537961436294641,1,3,0,1,0,0,0,0,0,1
521,0,3,1,2.0663309725297405,1,2,0,0,1,0,0,0,0,1
522,0,3,1,1.9775472339984959,1,3,0,0,1,0,0,1,0,0
523,1,1,0,4.0600843255369865,2,4,0,0,0,1,0,1,0,0
524,0,3,1,1.9781283799793465,1,3,0,0,1,0,0,1,0,0
525,0,3,1,2.0476928433652555,1,4,0,0,1,0,0,0,1,0
526,1,2,0,2.3513752571634776,1,5,0,1,0,0,0,0,0,1
527,0,1,1,5.401682292340279,1,3,0,0,1,0,0,0,0,1
528,0,3,1,2.0700223197633445,1,3,0,0,1,0,0,0,0,1
529,0,2,1,2.4423470353692043,4,2,0,0,1,0,0,0,0,1
530,1,2,0,3.258096538021482,3,0,0,1,0,0,0,0,0,1
531,0,3,1,1.9781283799793465,1,3,0,0,1,0,0,1,0,0
532,0,3,1,1.9781283799793465,3,1,0,0,1,0,0,1,0,0
533,1,3,0,3.107197616774036,3,3,0,0,0,1,0,1,0,0
534,0,3,0,2.1590033645160216,1,3,0,1,0,0,0,0,0,1
535,1,2,0,3.2676659890376327,3,0,0,1,0,0,0,0,0,1
536,0,1,1,3.279029747687948,1,4,0,0,1,0,0,0,0,1
537,1,1,0,4.667440511714216,1,3,0,1,0,0,0,1,0,0
538,0,3,1,2.6741486494265287,1,3,0,0,1,0,0,0,0,1
539,1,1,0,3.901972669574645,3,2,0,1,0,0,0,1,0,0
540,1,1,0,4.2626798770413155,3,3,0,1,0,0,0,0,0,1
541,0,3,0,3.442819056352975,7,0,0,1,0,0,0,0,0,1
542,0,3,0,3.442819056352975,7,1,0,1,0,0,0,0,0,1
543,1,2,1,3.258096538021482,2,3,0,0,1,0,0,0,0,1
544,0,1,1,4.667440511714216,2,5,0,0,1,0,0,1,0,0
545,0,1,1,3.258096538021482,1,6,0,0,1,0,0,0,0,1
546,1,2,0,3.258096538021482,2,1,0,0,0,1,0,0,0,1
547,1,2,1,2.6291873526764853,1,3,0,0,1,0,0,1,0,0
548,0,3,1,3.021643655338492,3,3,0,0,1,0,0,0,0,1
549,1,2,1,3.6041382256588457,3,0,1,0,0,0,0,0,0,1
550,1,1,1,4.708478296903478,3,1,0,0,1,0,0,1,0,0
551,0,2,1,3.258096538021482,1,2,0,0,1,0,0,0,0,1
552,0,3,1,2.0578603336462318,1,3,0,0,1,0,0,0,1,0
553,1,3,1,1.9775472339984959,1,2,0,0,1,0,0,1,0,0
554,1,3,0,2.0509134580652977,1,2,0,1,0,0,0,0,0,1
555,0,1,1,3.279029747687948,1,6,0,0,1,0,0,0,0,1
556,1,1,0,3.6788291182604347,2,4,0,0,0,1,0,1,0,0
557,0,1,1,5.427260122463419,1,3,0,0,1,0,0,1,0,0
558,1,1,0,4.3776420363560575,3,3,0,0,0,1,0,0,0,1
559,1,3,0,2.856470206220483,2,3,0,0,0,1,0,0,0,1
560,0,3,1,2.0476928433652555,1,3,0,0,1,0,0,0,1,0
561,0,3,1,2.0663309725297405,1,4,0,0,1,0,0,0,0,1
562,0,2,1,2.6026896854443837,1,2,0,0,1,0,0,0,0,1
563,0,3,1,2.0856720914304723,1,3,0,0,1,0,0,0,0,1
564,0,3,0,2.0856720914304723,1,2,0,1,0,0,0,0,0,1
565,0,3,1,3.184284380098582,3,2,0,0,1,0,0,0,0,1
566,0,3,1,2.0663309725297405,1,1,0,0,1,0,0,0,0,1
567,0,3,0,3.048087503887919,5,2,0,0,0,1,0,0,0,1
568,0,3,1,1.9781283799793465,1,3,0,0,1,0,0,1,0,0
569,1,3,1,2.061048420562944,1,3,0,0,1,0,0,0,0,1
570,1,2,1,2.3513752571634776,1,6,0,0,1,0,0,0,0,1
571,1,1,0,3.9411778425916384,3,5,0,0,0,1,0,0,0,1
572,1,1,1,3.272890413174439,1,3,0,0,1,0,0,0,0,1
573,1,3,0,2.0476928433652555,1,2,0,1,0,0,0,0,1,0
574,0,3,1,2.0856720914304723,1,1,0,0,1,0,0,0,0,1
575,0,3,1,2.6741486494265287,1,1,0,0,1,0,0,0,0,1
576,1,2,0,2.5649493574615367,1,3,0,1,0,0,0,0,0,1
577,1,1,0,4.023564380161053,2,3,0,0,0,1,0,0,0,1
578,0,3,0,2.671268644120752,2,3,0,0,0,1,0,1,0,0
579,1,3,1,2.0700223197633445,1,3,0,0,1,0,0,0,0,1
580,1,2,0,3.4011973816621555,3,2,0,1,0,0,0,0,0,1
581,1,1,0,4.708478296903478,3,3,0,0,0,1,0,1,0,0
582,0,2,1,3.258096538021482,1,5,0,0,1,0,0,0,0,1
583,0,1,1,3.69199958145018,1,3,0,0,1,0,0,1,0,0
584,0,3,1,2.1647587760866425,1,3,0,0,1,0,0,1,0,0
585,1,1,0,4.3776420363560575,3,1,0,1,0,0,0,0,0,1
586,0,2,1,2.70805020110221,1,4,0,0,1,0,0,0,0,1
587,1,1,1,4.37197629882038,3,6,0,0,1,0,0,1,0,0
588,0,3,1,2.0856720914304723,1,2,0,0,1,0,0,0,0,1
589,0,3,1,2.0856720914304723,1,3,0,0,1,0,0,0,0,1
590,0,3,1,1.9636097261547143,1,3,0,0,1,0,0,0,0,1
591,1,1,0,4.3601222251801195,2,5,0,0,0,1,0,1,0,0
592,0,3,1,1.9810014688665833,1,4,0,0,1,0,0,0,0,1
593,0,3,0,2.0476928433652555,3,2,0,1,0,0,0,0,1,0
594,0,2,1,3.258096538021482,2,3,0,0,1,0,0,0,0,1
595,0,3,1,3.184284380098582,3,3,0,0,1,0,0,0,0,1
596,1,2,0,3.4965075614664802,1,2,0,1,0,0,0,0,0,1
597,0,3,1,0.0,1,4,0,0,1,0,0,0,0,1
598,0,3,1,1.9775472339984959,1,3,0,0,1,0,0,1,0,0
599,1,1,1,4.041808390519271,2,4,0,0,1,0,0,1,0,0
600,1,2,0,3.295836866004329,4,2,0,0,0,1,0,0,0,1
601,0,3,1,2.0663309725297405,1,3,0,0,1,0,0,0,0,1
602,0,1,1,3.7471483622379123,1,3,0,0,1,0,0,0,0,1
603,0,3,1,2.0856720914304723,1,4,0,0,1,0,0,0,0,1
604,1,1,1,3.279029747687948,1,3,0,0,1,0,0,1,0,0
605,0,3,1,2.744060638625243,2,3,0,0,1,0,0,0,0,1
606,0,3,1,2.0663309725297405,1,3,0,0,1,0,0,0,0,1
607,1,1,1,3.417726683613366,1,2,0,0,1,0,0,0,0,1
608,1,2,0,3.7276000422255353,4,2,0,0,0,1,0,1,0,0
609,1,1,0,5.033456237506958,1,4,0,1,0,0,0,0,0,1
610,0,3,0,3.442819056352975,7,3,0,0,0,1,0,0,0,1
611,0,3,1,1.9530276168241774,1,3,0,0,1,0,0,0,0,1
612,1,3,0,2.740840023925201,2,2,0,1,0,0,0,0,1,0
613,0,3,1,2.0476928433652555,1,3,0,0,1,0,0,0,1,0
614,0,3,1,2.0856720914304723,1,3,0,0,1,0,0,0,0,1
615,1,2,0,4.174387269895637,4,2,0,1,0,0,0,0,0,1
616,0,3,1,2.667228206581955,3,3,0,0,1,0,0,0,0,1
617,0,3,0,2.7788192719904172,2,2,0,0,0,1,0,0,0,1
618,1,2,0,3.6635616461296463,4,0,0,1,0,0,0,0,0,1
619,0,2,1,2.3513752571634776,1,2,0,0,1,0,0,0,0,1
620,0,3,1,2.6709850297651974,2,2,0,0,1,0,0,1,0,0
621,1,1,1,3.961845018011234,2,4,0,0,1,0,0,0,0,1
622,1,3,1,2.7563132422397203,3,2,0,0,1,0,0,1,0,0
623,0,3,1,2.061048420562944,1,2,0,0,1,0,0,0,0,1
624,0,3,1,2.7788192719904172,1,2,0,0,1,0,0,0,0,1
625,0,1,1,3.4757109858218045,1,6,0,0,1,0,0,0,0,1
626,0,2,1,2.513656063073986,1,5,0,0,0,0,1,0,1,0
627,1,1,0,4.356174068347218,1,2,0,1,0,0,0,0,0,1
628,0,3,1,2.0663309725297405,1,2,0,0,1,0,0,0,0,1
629,0,3,1,2.0455356796500372,1,3,0,0,1,0,0,0,1,0
630,1,1,1,3.4011973816621555,1,7,0,0,1,0,0,0,0,1
631,0,3,1,1.9536231841196134,1,5,0,0,1,0,0,0,0,1
632,1,1,1,3.417726683613366,1,3,0,0,1,0,0,1,0,0
633,0,1,1,0.0,1,3,0,0,1,0,0,0,0,1
634,0,3,0,3.32862668882732,6,0,0,1,0,0,0,0,0,1
635,1,2,0,2.5649493574615367,1,2,0,1,0,0,0,0,0,1
636,0,3,1,2.0700223197633445,1,3,0,0,1,0,0,0,0,1
637,0,2,1,3.2676659890376327,3,3,0,0,1,0,0,0,0,1
638,0,3,0,3.6810362766529106,6,4,0,0,0,1,0,0,0,1
639,0,3,1,2.7788192719904172,2,3,0,0,1,0,0,0,0,1
640,0,3,1,2.061048420562944,1,2,0,0,1,0,0,0,0,1
641,1,1,0,4.238444906195857,1,2,0,1,0,0,0,1,0,0
642,0,3,0,3.32862668882732,6,0,0,1,0,0,0,0,0,1
643,1,3,1,4.034166299106131,1,3,0,0,1,0,0,0,0,1
644,1,3,0,2.957942136638392,4,0,0,1,0,0,0,1,0,0
645,1,1,1,4.340282339965535,2,4,0,0,1,0,0,1,0,0
646,0,3,1,2.0663309725297405,1,1,0,0,1,0,0,0,0,1
647,1,1,1,3.56953269648137,1,5,0,0,0,0,1,1,0,0
648,0,3,1,2.0215475632609334,1,3,0,0,1,0,0,0,0,1
649,1,3,0,2.0215475632609334,1,2,0,1,0,0,0,0,0,1
650,0,3,1,2.0663309725297405,1,3,0,0,1,0,0,0,0,1
651,1,2,0,3.1354942159291497,2,1,0,1,0,0,0,0,0,1
652,0,3,1,2.132188154488383,1,2,0,0,1,0,0,0,0,1
653,1,3,0,2.0578603336462318,1,2,0,1,0,0,0,0,1,0
654,0,3,0,1.9095425048844386,1,1,0,1,0,0,0,0,1,0
655,0,2,1,4.297285406218791,3,2,0,0,1,0,0,0,0,1
656,0,3,1,2.0663309725297405,1,3,0,0,1,0,0,0,0,1
657,0,3,0,2.740840023925201,3,3,0,0,0,1,0,0,1,0
658,0,2,1,2.5649493574615367,1,2,0,0,1,0,0,0,0,1
659,0,1,1,4.729818490553202,3,5,0,0,1,0,0,1,0,0
660,1,1,1,4.895224442584928,3,5,0,0,1,0,0,0,0,1
661,0,3,1,1.9775472339984959,1,4,0,0,1,0,0,1,0,0
662,0,1,1,3.2421039509874077,1,4,0,0,1,0,0,0,0,1
663,0,3,1,2.0143428636837015,1,3,0,0,1,0,0,0,0,1
664,1,3,1,2.0700223197633445,2,2,0,0,1,0,0,0,0,1
665,0,2,1,4.297285406218791,3,3,0,0,1,0,0,0,0,1
666,0,2,1,2.5649493574615367,1,2,0,0,1,0,0,0,0,1
667,0,3,1,2.0509134580652977,1,3,0,0,1,0,0,0,0,1
668,0,3,1,2.0856720914304723,1,4,0,0,1,0,0,0,0,1
669,1,1,0,3.9512437185814275,2,3,0,0,0,1,0,0,0,1
670,1,2,0,3.6635616461296463,3,4,0,0,0,1,0,0,0,1
671,0,1,1,3.9512437185814275,2,3,0,0,1,0,0,0,0,1
672,0,2,1,2.3513752571634776,1,7,0,0,1,0,0,0,0,1
673,1,2,1,2.5649493574615367,1,3,0,0,1,0,0,0,0,1
674,0,2,1,0.0,1,3,0,0,1,0,0,0,0,1
675,0,3,1,2.0509134580652977,1,1,0,0,1,0,0,0,0,1
676,0,3,1,2.0856720914304723,1,2,0,0,1,0,0,0,0,1
677,1,3,0,2.286628460369784,1,1,0,1,0,0,0,0,0,1
678,0,3,0,3.8480176754522337,8,4,0,0,0,1,0,0,0,1
679,1,1,1,6.238967387173662,2,3,0,0,1,0,0,1,0,0
680,0,3,0,2.0964830075346876,1,2,0,1,0,0,0,0,1,0
681,1,1,1,4.340282339965535,1,2,0,0,1,0,0,1,0,0
682,0,3,1,2.221917189926591,1,2,0,0,1,0,0,0,0,1
683,0,3,1,3.8480176754522337,8,1,0,0,1,0,0,0,0,1
684,0,2,1,3.6635616461296463,3,6,0,0,1,0,0,0,0,1
685,0,2,1,3.7276000422255353,4,2,0,0,1,0,0,1,0,0
686,0,3,1,3.6810362766529106,6,1,0,0,1,0,0,0,0,1
687,0,3,1,2.319520869700248,1,1,0,0,1,0,0,0,0,1
688,0,3,1,2.0535851271346086,1,1,0,0,1,0,0,0,0,1
689,1,1,0,5.353456381663085,2,1,0,1,0,0,0,0,0,1
690,1,1,1,4.04305126783455,2,3,0,0,1,0,0,0,0,1
691,1,3,0,2.5965001996654262,2,0,0,1,0,0,0,1,0,0
692,1,3,1,4.034166299106131,1,3,0,0,1,0,0,0,0,1
693,0,3,1,1.9775472339984959,1,2,0,0,1,0,0,1,0,0
694,0,1,1,3.279029747687948,1,6,0,0,0,0,1,0,0,1
695,0,2,1,2.6026896854443837,1,5,0,0,1,0,0,0,0,1
696,0,3,1,2.0856720914304723,1,4,0,0,1,0,0,0,0,1
697,1,3,0,2.0455356796500372,1,2,0,1,0,0,0,0,1,0
698,0,1,1,4.708478296903478,3,4,0,0,1,0,0,1,0,0
699,0,3,1,2.0347056478384444,1,4,0,0,1,0,0,0,0,1
700,1,1,0,5.427260122463419,2,1,0,0,0,1,0,1,0,0
701,1,1,1,3.2690935410288184,1,3,0,0,1,0,0,0,0,1
702,0,3,0,2.6709850297651974,2,1,0,1,0,0,0,1,0,0
703,0,3,1,2.046621301727582,1,2,0,0,1,0,0,0,1,0
704,0,3,1,2.061048420562944,2,2,0,0,1,0,0,0,0,1
705,0,2,1,3.258096538021482,1,3,0,0,1,0,0,0,0,1
706,1,2,0,2.6026896854443837,1,4,0,0,0,1,0,0,0,1
707,1,1,1,3.2690935410288184,1,4,0,0,1,0,0,0,0,1
708,1,1,0,5.020915603503812,1,2,0,1,0,0,0,0,0,1
709,1,3,1,2.7243040552851014,3,0,1,0,0,0,0,1,0,0
710,1,1,0,3.902057514460064,1,2,0,1,0,0,0,1,0,0
711,0,1,1,3.279029747687948,1,3,0,0,1,0,0,0,0,1
712,1,1,1,3.9512437185814275,2,4,0,0,1,0,0,0,0,1
713,0,3,1,2.2495323569595644,1,2,0,0,1,0,0,0,0,1
714,0,2,1,2.5649493574615367,1,5,0,0,1,0,0,0,0,1
715,0,3,1,2.0347056478384444,1,1,0,0,1,0,0,0,0,1
716,1,1,0,5.427260122463419,1,3,0,1,0,0,0,1,0,0
717,1,2,0,2.3513752571634776,1,2,0,1,0,0,0,0,0,1
718,0,3,1,2.740840023925201,1,3,0,0,1,0,0,0,1,0
719,0,3,1,2.0509134580652977,1,3,0,0,1,0,0,0,0,1
720,1,2,0,3.4965075614664802,2,0,0,1,0,0,0,0,0,1
721,0,3,1,1.9536231841196134,2,1,0,0,1,0,0,0,0,1
722,0,2,1,2.5649493574615367,1,3,0,0,1,0,0,0,0,1
723,0,2,1,2.5649493574615367,1,5,0,0,1,0,0,0,0,1
724,1,1,1,3.9721769282478934,2,2,0,0,1,0,0,0,0,1
725,0,3,1,2.1590033645160216,1,2,0,0,1,0,0,0,0,1
726,1,2,0,3.044522437723423,4,3,0,0,0,1,0,0,0,1
727,1,3,0,2.0460786380107145,1,2,0,1,0,0,0,0,1,0
728,0,2,1,3.258096538021482,2,2,0,0,1,0,0,0,0,1
729,0,3,0,2.0700223197633445,2,2,0,1,0,0,0,0,0,1
730,1,1,0,5.353456381663085,1,2,0,1,0,0,0,0,0,1
731,0,3,1,2.933191755079093,1,1,0,0,1,0,0,1,0,0
732,0,2,1,0.0,1,3,0,0,1,0,0,0,0,1
733,0,2,1,2.5649493574615367,1,2,0,0,1,0,0,0,0,1
734,0,2,1,2.5649493574615367,1,2,0,0,1,0,0,0,0,1
735,0,3,1,2.7788192719904172,1,2,0,0,1,0,0,0,0,1
736,0,3,0,3.5373295559867355,5,4,0,0,0,1,0,0,0,1
737,1,1,1,6.238967387173662,1,3,0,0,1,0,0,1,0,0
738,0,3,1,2.0663309725297405,1,3,0,0,1,0,0,0,0,1
739,0,3,1,2.0663309725297405,1,3,0,0,1,0,0,0,0,1
740,1,1,1,3.4011973816621555,1,3,0,0,1,0,0,0,0,1
741,0,1,1,4.367547313409047,2,3,0,0,1,0,0,0,0,1
742,1,1,0,5.569774778140797,5,2,0,1,0,0,0,1,0,0
743,0,3,1,2.7788192719904172,2,2,0,0,1,0,0,0,0,1
744,1,3,1,2.0700223197633445,1,3,0,0,1,0,0,0,0,1
745,0,1,1,4.2626798770413155,3,7,0,0,1,0,0,0,0,1
746,0,3,1,3.0081547935525483,3,1,0,0,1,0,0,0,0,1
747,1,2,0,2.5649493574615367,1,3,0,1,0,0,0,0,0,1
748,0,1,1,3.9721769282478934,2,1,0,0,1,0,0,0,0,1
749,0,3,1,2.0476928433652555,1,3,0,0,1,0,0,0,1,0
750,1,2,0,3.1354942159291497,3,0,0,1,0,0,0,0,0,1
751,1,3,1,2.5237266416375825,2,0,1,0,0,0,0,0,0,1
752,0,3,1,2.2512917986064953,1,3,0,0,1,0,0,0,0,1
753,0,3,1,2.0663309725297405,1,2,0,0,1,0,0,0,0,1
754,1,2,0,4.174387269895637,4,4,0,0,0,1,0,0,0,1
755,1,2,1,2.6741486494265287,3,0,1,0,0,0,0,0,0,1
756,0,3,1,2.0535851271346086,1,2,0,0,1,0,0,0,0,1
757,0,2,1,2.4423470353692043,1,1,0,0,1,0,0,0,0,1
758,0,3,1,2.0856720914304723,1,3,0,0,1,0,0,0,0,1
759,1,1,0,4.460144413937834,1,3,0,0,0,1,0,0,0,1
760,0,3,1,2.6741486494265287,1,3,0,0,1,0,0,0,0,1
761,0,3,1,1.9636097261547143,1,4,0,0,1,0,0,0,0,1
762,1,3,1,1.9781283799793465,1,2,0,0,1,0,0,1,0,0
763,1,1,0,4.787491742782046,4,3,0,0,0,1,0,0,0,1
764,0,3,1,2.0509134580652977,1,1,0,0,1,0,0,0,0,1
765,1,1,0,4.356174068347218,2,5,0,0,0,1,0,0,0,1
766,0,1,1,3.6788291182604347,1,3,0,0,1,0,0,1,0,0
767,0,3,0,2.0476928433652555,1,3,0,1,0,0,0,0,1,0
768,0,3,1,3.184284380098582,2,3,0,0,1,0,0,0,1,0
769,0,3,1,2.1237574254543468,1,3,0,0,1,0,0,0,0,1
770,0,3,1,2.2512917986064953,1,2,0,0,1,0,0,0,0,1
771,0,3,1,2.061048420562944,1,4,0,0,1,0,0,0,0,1
772,0,2,0,2.3513752571634776,1,5,0,0,0,1,0,0,0,1
773,0,3,1,1.9775472339984959,1,3,0,0,1,0,0,1,0,0
774,1,2,0,3.1354942159291497,5,5,0,0,0,1,0,0,0,1
775,0,3,1,2.0476928433652555,1,1,0,0,1,0,0,0,0,1
776,0,3,1,2.0476928433652555,1,3,0,0,1,0,0,0,1,0
777,1,3,0,2.5237266416375825,1,0,0,1,0,0,0,0,0,1
778,0,3,1,2.0460786380107145,1,3,0,0,1,0,0,0,1,0
779,1,1,0,5.353456381663085,2,4,0,0,0,1,0,0,0,1
780,1,3,0,1.9781283799793465,1,1,0,1,0,0,0,1,0,0
781,1,1,0,4.04305126783455,2,1,0,0,0,1,0,0,0,1
782,0,1,1,3.4011973816621555,1,2,0,0,1,0,0,0,0,1
783,0,3,1,3.1548704948922883,4,3,0,0,1,0,0,0,0,1
784,0,3,1,1.9530276168241774,1,2,0,0,1,0,0,0,0,1
785,0,3,1,1.9810014688665833,1,2,0,0,1,0,0,0,0,1
786,1,3,0,2.0143428636837015,1,1,0,1,0,0,0,0,0,1
787,0,3,1,3.371596911885865,6,0,1,0,0,0,0,0,1,0
788,1,3,1,3.0240767465631335,4,0,1,0,0,0,0,0,0,1
789,0,1,1,4.37197629882038,1,4,0,0,1,0,0,1,0,0
790,0,3,1,2.0476928433652555,1,3,0,0,1,0,0,0,1,0
791,0,2,1,3.258096538021482,1,1,0,0,1,0,0,0,0,1
792,0,3,0,4.242045918369452,11,2,0,1,0,0,0,0,0,1
793,0,1,1,3.424125837416519,1,3,0,0,1,0,0,1,0,0
794,0,3,1,2.0663309725297405,1,2,0,0,1,0,0,0,0,1
795,0,2,1,2.5649493574615367,1,3,0,0,1,0,0,0,0,1
796,1,1,0,3.255369746779992,1,4,0,0,1,0,0,0,0,1
797,1,3,0,2.161401640752305,1,3,0,0,0,1,0,0,0,1
798,0,3,1,1.9781283799793465,1,3,0,0,1,0,0,1,0,0
799,0,3,0,3.184284380098582,3,3,0,0,0,1,0,0,0,1
800,0,2,1,2.5649493574615367,1,3,0,0,1,0,0,0,0,1
801,1,2,0,3.2676659890376327,3,3,0,0,0,1,0,0,0,1
802,1,1,1,4.787491742782046,4,1,1,0,0,0,0,0,0,1
803,1,3,1,2.1420289418682694,2,0,1,0,0,0,0,1,0,0
804,1,3,1,1.9423323277074294,1,2,0,0,1,0,0,0,0,1
805,0,3,1,2.0509134580652977,1,3,0,0,1,0,0,0,0,1
806,0,1,1,0.0,1,3,0,0,1,0,0,0,0,1
807,0,3,0,2.0509134580652977,1,1,0,1,0,0,0,0,0,1
808,0,2,1,2.5649493574615367,1,3,0,0,1,0,0,0,0,1
809,1,1,0,3.9721769282478934,2,3,0,0,0,1,0,0,0,1
810,0,3,1,2.0652792278673315,1,2,0,0,1,0,0,0,0,1
811,0,3,1,3.184284380098582,1,3,0,0,1,0,0,0,0,1
812,0,2,1,2.3513752571634776,1,3,0,0,1,0,0,0,0,1
813,0,3,0,3.442819056352975,7,0,0,1,0,0,0,0,0,1
814,0,3,1,2.0856720914304723,1,3,0,0,1,0,0,0,0,1
815,0,1,1,0.0,1,3,0,0,1,0,0,0,0,1
816,0,3,0,2.0700223197633445,1,2,0,1,0,0,0,0,0,1
817,0,2,1,3.6110314197155664,3,3,0,0,1,0,0,1,0,0
818,0,3,1,1.864080130807681,1,4,0,0,1,0,0,0,0,1
819,0,3,1,3.32862668882732,6,1,1,0,0,0,0,0,0,1
820,1,1,0,4.537961436294641,3,5,0,0,0,1,0,0,0,1
821,1,3,1,2.1590033645160216,1,2,0,0,1,0,0,0,0,1
822,0,1,1,0.0,1,3,0,0,0,0,1,0,0,1
823,1,3,0,2.5237266416375825,2,2,0,0,0,1,0,0,0,1
824,0,3,1,3.6810362766529106,6,0,1,0,0,0,0,0,0,1
825,0,3,1,1.9387416595767009,1,3,0,0,1,0,0,0,1,0
826,0,3,1,4.034166299106131,1,3,0,0,1,0,0,0,0,1
827,1,2,1,3.6110314197155664,3,0,1,0,0,0,0,1,0,0
828,1,3,1,2.0476928433652555,1,3,0,0,1,0,0,0,1,0
829,1,1,0,4.382026634673881,1,6,0,0,0,1,0,0,0,1
830,1,3,0,2.6709850297651974,2,1,0,0,0,1,0,1,0,0
831,1,2,1,2.9311937524164198,3,0,1,0,0,0,0,0,0,1
832,0,3,1,1.9781283799793465,1,3,0,0,1,0,0,1,0,0
833,0,3,1,2.061048420562944,1,2,0,0,1,0,0,0,0,1
834,0,3,1,2.1162555148025524,1,1,0,0,1,0,0,0,0,1
835,1,1,0,4.4207460202604185,3,3,0,1,0,0,0,1,0,0
836,0,3,1,2.1590033645160216,1,2,0,0,1,0,0,0,0,1
837,0,3,1,2.0856720914304723,1,3,0,0,1,0,0,0,0,1
838,1,3,1,4.034166299106131,1,3,0,0,1,0,0,0,0,1
839,1,1,1,3.391147045808654,1,3,0,0,1,0,0,1,0,0
840,0,3,1,2.0700223197633445,1,2,0,0,1,0,0,0,0,1
841,0,2,1,2.3513752571634776,1,1,0,0,1,0,0,0,0,1
842,1,1,0,3.4339872044851463,1,3,0,1,0,0,0,1,0,0
843,0,3,1,1.8621402659898545,1,3,0,0,1,0,0,1,0,0
844,0,3,1,2.1590033645160216,1,1,0,0,1,0,0,0,0,1
845,0,3,1,2.0215475632609334,1,4,0,0,1,0,0,0,0,1
846,0,3,1,4.242045918369452,11,3,0,0,1,0,0,0,0,1
847,0,3,1,2.0663309725297405,1,3,0,0,1,0,0,1,0,0
848,0,2,1,3.4965075614664802,2,2,0,0,0,0,1,0,0,1
849,1,1,0,4.489806471412939,2,3,0,0,0,1,0,1,0,0
850,0,3,1,3.442819056352975,7,0,1,0,0,0,0,0,0,1
851,0,3,1,2.0509134580652977,1,7,0,0,1,0,0,0,0,1
852,0,3,0,2.7243040552851014,3,0,0,1,0,0,0,1,0,0
853,1,1,0,3.673765816303888,2,1,0,1,0,0,0,0,0,1
854,0,2,0,3.258096538021482,2,4,0,0,0,1,0,0,0,1
855,1,3,0,2.2353763433005955,2,1,0,0,0,1,0,0,0,1
856,1,1,0,5.1051372686027685,3,4,0,0,0,1,0,0,0,1
857,1,1,1,3.279029747687948,1,5,0,0,1,0,0,0,0,1
858,1,3,0,2.957942136638392,4,2,0,0,0,1,0,1,0,0
859,0,3,1,1.9781283799793465,1,3,0,0,1,0,0,1,0,0
860,0,3,1,2.6467632766784814,3,4,0,0,1,0,0,0,0,1
861,0,2,1,2.4423470353692043,2,2,0,0,1,0,0,0,0,1
862,1,1,0,3.255369746779992,1,4,0,0,0,1,0,0,0,1
863,0,3,0,4.242045918369452,11,2,0,1,0,0,0,0,0,1
864,0,2,1,2.5649493574615367,1,2,0,0,1,0,0,0,0,1
865,1,2,0,2.5649493574615367,1,4,0,0,0,1,0,0,0,1
866,1,2,0,2.6288843311163475,2,2,0,1,0,0,0,1,0,0
867,0,1,1,3.921890164505806,1,3,0,0,1,0,0,0,0,1
868,0,3,1,2.2512917986064953,1,3,0,0,1,0,0,0,0,1
869,1,3,1,2.409940617298087,3,0,1,0,0,0,0,0,0,1
870,0,3,1,2.0663309725297405,1,2,0,0,1,0,0,0,0,1
871,1,1,0,3.961845018011234,3,4,0,0,0,1,0,0,0,1
872,0,1,1,1.6094379124341003,1,3,0,0,1,0,0,0,0,1
873,0,3,1,2.1972245773362196,1,4,0,0,1,0,0,0,0,1
874,1,2,0,3.1780538303479458,2,2,0,0,0,1,0,1,0,0
875,1,3,0,1.9775472339984959,1,1,0,1,0,0,0,1,0,0
876,0,3,1,2.287044968312313,1,2,0,0,1,0,0,0,0,1
877,0,3,1,2.0663309725297405,1,1,0,0,1,0,0,0,0,1
878,0,3,1,2.0663309725297405,1,3,0,0,1,0,0,0,0,1
879,1,1,0,4.4207460202604185,2,5,0,0,0,1,0,1,0,0
880,1,2,0,3.258096538021482,2,2,0,0,0,1,0,0,0,1
881,0,3,1,2.0663309725297405,1,3,0,0,1,0,0,0,0,1
882,0,3,0,2.352964469886197,1,2,0,1,0,0,0,0,0,1
883,0,2,1,2.3513752571634776,1,2,0,0,1,0,0,0,0,1
884,0,3,1,1.9530276168241774,1,2,0,0,1,0,0,0,0,1
885,0,3,0,3.371596911885865,6,3,0,0,0,1,0,0,1,0
886,0,2,1,2.5649493574615367,1,2,0,0,0,0,1,0,0,1
887,1,1,0,3.4011973816621555,1,1,0,1,0,0,0,0,0,1
888,0,3,0,3.1548704948922883,4,2,0,1,0,0,0,0,0,1
889,1,1,1,3.4011973816621555,1,2,0,0,1,0,0,1,0,0
890,0,3,1,2.0476928433652555,1,3,0,0,1,0,0,0,1,0
